primary_condition_group,admissions,readmissions_30d,avg_inpatient_paid,readmission_rate_30d,preventable_readmission_events,total_readmission_events,avoidable_paid,preventable_share_of_readmissions
CHF,704,229,6692.129218749999,0.3252840909090909,195,229,1416438.15,0.851528384279476
COPD,646,217,5964.2397987616105,0.33591331269349844,168,217,1269015.94,0.7741935483870968
DIABETES,667,211,5139.565382308845,0.31634182908545727,127,211,1193864.65,0.6018957345971564
PNEUMONIA,546,187,5769.730164835165,0.3424908424908425,120,187,1003714.72,0.6417112299465241
HTN,386,120,4713.109300518135,0.31088082901554404,70,120,582699.4,0.5833333333333334
CKD,439,133,7265.363234624146,0.30296127562642367,66,133,858160.29,0.49624060150375937
SEPSIS,423,113,9444.20718676123,0.26713947990543735,56,113,909443.75,0.49557522123893805
